favorite_sandwich;favorite_musical;hero;Has_slept;math_score;writing_score;reading_score
Strawberry chicken;Hamilton;Kirby;Yes;72;74;72
Strawberry chicken;Dr. Horrible;Julie D'Aubigny;No;69;88;90
Strawberry chicken;Hamilton;Sonic;Yes;90;93;95
Elvis sandwich;Galavant;Hercules;Yes;47;44;57
Elvis sandwich;Dr. Horrible;Julie D'Aubigny;Yes;76;75;78
Strawberry chicken;Hamilton;Hercules;Yes;71;78;83
Strawberry chicken;Hamilton;Julie D'Aubigny;No;88;92;95
Elvis sandwich;Hamilton;Julie D'Aubigny;Yes;40;39;43
Elvis sandwich;Hadestown;Captain Marvel;No;64;67;64
Strawberry chicken;Hamilton;Captain Marvel;Yes;38;50;60
Elvis sandwich;Dr. Horrible;Hercules;Yes;58;52;54
Elvis sandwich;Hadestown;Hercules;Yes;40;43;52
Strawberry chicken;Hamilton;Captain Marvel;Yes;65;73;81
Elvis sandwich;Galavant;Julie D'Aubigny;No;78;70;72
Strawberry chicken;Galavant;Sonic;Yes;50;58;53
Strawberry chicken;Dr. Horrible;Peter Pan;Yes;69;78;75
Elvis sandwich;Dr. Horrible;Captain Marvel;Yes;88;86;89
Strawberry chicken;Hamilton;Peter Pan;Yes;18;28;32
Elvis sandwich;Dr. Horrible;Sonic;No;46;46;42
Strawberry chicken;Dr. Horrible;Hercules;Yes;54;61;58
Elvis sandwich;Hadestown;Captain Marvel;Yes;66;63;69
Strawberry chicken;Hamilton;Julie D'Aubigny;No;65;70;75
Elvis sandwich;Hadestown;Julie D'Aubigny;Yes;44;53;54
Strawberry chicken;Dr. Horrible;Peter Pan;Yes;69;73;73
Elvis sandwich;Hadestown;Kirby;No;74;80;71
Elvis sandwich;Galavant;Sonic;Yes;73;72;74
Elvis sandwich;Hamilton;Julie D'Aubigny;Yes;69;55;54
Strawberry chicken;Dr. Horrible;Kirby;Yes;67;75;69
Elvis sandwich;Dr. Horrible;Captain Marvel;Yes;70;65;70
Strawberry chicken;Hadestown;Sonic;Yes;62;75;70
Strawberry chicken;Hadestown;Julie D'Aubigny;Yes;69;74;74
Strawberry chicken;Hamilton;Julie D'Aubigny;Yes;63;61;65
Strawberry chicken;Exit;Sonic;Yes;56;65;72
Elvis sandwich;Hadestown;Julie D'Aubigny;Yes;40;38;42
Elvis sandwich;Exit;Julie D'Aubigny;Yes;97;82;87
Elvis sandwich;Exit;Hercules;No;81;79;81
Strawberry chicken;Hadestown;Hercules;Yes;74;83;81
Strawberry chicken;Hadestown;Peter Pan;Yes;50;59;64
Strawberry chicken;Hadestown;Hercules;No;75;88;90
Elvis sandwich;Hamilton;Hercules;Yes;57;57;56
Elvis sandwich;Dr. Horrible;Hercules;Yes;55;54;61
Strawberry chicken;Dr. Horrible;Hercules;Yes;58;68;73
Strawberry chicken;Hamilton;Hercules;Yes;53;65;58
Elvis sandwich;Hamilton;Julie D'Aubigny;No;59;66;65
Strawberry chicken;Exit;Hercules;Yes;50;54;56
Elvis sandwich;Hamilton;Hercules;Yes;65;57;54
Strawberry chicken;Galavant;Hercules;No;55;62;65
Strawberry chicken;Dr. Horrible;Captain Marvel;Yes;66;76;71
Strawberry chicken;Hadestown;Hercules;No;57;76;74
Elvis sandwich;Dr. Horrible;Captain Marvel;No;82;82;84
Elvis sandwich;Exit;Julie D'Aubigny;Yes;53;48;55
Elvis sandwich;Exit;Hercules;No;77;68;69
Elvis sandwich;Dr. Horrible;Julie D'Aubigny;Yes;53;42;44
Elvis sandwich;Hadestown;Captain Marvel;Yes;88;75;78
Strawberry chicken;Dr. Horrible;Peter Pan;No;71;87;84
Strawberry chicken;Dr. Horrible;Captain Marvel;Yes;33;43;41
Strawberry chicken;Exit;Hercules;No;82;86;85
Elvis sandwich;Hadestown;Hercules;Yes;52;49;55
Elvis sandwich;Hadestown;Julie D'Aubigny;No;58;58;59
Strawberry chicken;Dr. Horrible;Peter Pan;Yes;0;10;17
Elvis sandwich;Exit;Kirby;No;79;72;74
Elvis sandwich;Galavant;Peter Pan;Yes;39;34;39
Elvis sandwich;Galavant;Hercules;Yes;62;55;61
Strawberry chicken;Dr. Horrible;Hercules;Yes;69;71;80
Strawberry chicken;Hadestown;Peter Pan;Yes;59;59;58
Elvis sandwich;Hamilton;Peter Pan;Yes;67;61;64
Elvis sandwich;Hadestown;Peter Pan;Yes;45;37;37
Strawberry chicken;Dr. Horrible;Julie D'Aubigny;Yes;60;74;72
Elvis sandwich;Hamilton;Hercules;Yes;61;56;58
Strawberry chicken;Dr. Horrible;Hercules;Yes;39;57;64
Strawberry chicken;Hadestown;Julie D'Aubigny;No;58;73;63
Elvis sandwich;Hadestown;Julie D'Aubigny;No;63;63;55
Strawberry chicken;Galavant;Hercules;Yes;41;48;51
Elvis sandwich;Dr. Horrible;Peter Pan;Yes;61;56;57
Elvis sandwich;Dr. Horrible;Peter Pan;Yes;49;41;49
Elvis sandwich;Hamilton;Hercules;Yes;44;38;41
Elvis sandwich;Exit;Peter Pan;Yes;30;22;26
Elvis sandwich;Galavant;Kirby;No;80;81;78
Strawberry chicken;Hadestown;Peter Pan;No;61;72;74
Strawberry chicken;Exit;Sonic;Yes;62;68;68
Strawberry chicken;Hamilton;Hercules;Yes;47;50;49
Elvis sandwich;Hamilton;Captain Marvel;Yes;49;45;45
Elvis sandwich;Galavant;Julie D'Aubigny;No;50;54;47
Elvis sandwich;Exit;Hercules;Yes;72;63;64
Elvis sandwich;Hadestown;Captain Marvel;Yes;42;34;39
Strawberry chicken;Dr. Horrible;Julie D'Aubigny;Yes;73;82;80
Strawberry chicken;Dr. Horrible;Julie D'Aubigny;Yes;76;88;83
Strawberry chicken;Hadestown;Hercules;Yes;71;74;71
Strawberry chicken;Galavant;Julie D'Aubigny;Yes;58;67;70
Strawberry chicken;Hadestown;Peter Pan;Yes;73;82;86
Strawberry chicken;Dr. Horrible;Kirby;Yes;65;74;72
Elvis sandwich;Dr. Horrible;Captain Marvel;Yes;27;36;34
Elvis sandwich;Dr. Horrible;Captain Marvel;Yes;71;71;79
Elvis sandwich;Dr. Horrible;Hercules;No;43;50;45
Strawberry chicken;Hamilton;Julie D'Aubigny;Yes;79;92;86
Elvis sandwich;Dr. Horrible;Hercules;No;78;82;81
Elvis sandwich;Hamilton;Peter Pan;No;65;62;66
Strawberry chicken;Exit;Julie D'Aubigny;No;63;70;72
Strawberry chicken;Hadestown;Julie D'Aubigny;Yes;58;62;67
Strawberry chicken;Hadestown;Kirby;Yes;65;62;67
Elvis sandwich;Hamilton;Julie D'Aubigny;Yes;79;67;67
Elvis sandwich;Hadestown;Kirby;No;68;74;74
Strawberry chicken;Hadestown;Hercules;Yes;85;89;91
Elvis sandwich;Hamilton;Captain Marvel;No;60;47;44
Elvis sandwich;Dr. Horrible;Julie D'Aubigny;No;98;90;86
Strawberry chicken;Dr. Horrible;Julie D'Aubigny;Yes;58;72;67
Strawberry chicken;Hadestown;Sonic;Yes;87;100;100
Elvis sandwich;Exit;Hercules;No;66;64;63
Strawberry chicken;Hamilton;Hercules;Yes;52;70;76
Strawberry chicken;Hamilton;Peter Pan;Yes;70;72;64
Strawberry chicken;Hadestown;Hercules;No;77;98;89
Elvis sandwich;Dr. Horrible;Captain Marvel;Yes;62;49;55
Elvis sandwich;Galavant;Hercules;Yes;54;47;53
Strawberry chicken;Hadestown;Julie D'Aubigny;Yes;51;54;58
Strawberry chicken;Exit;Kirby;No;99;100;100
Elvis sandwich;Dr. Horrible;Captain Marvel;Yes;84;74;77
Strawberry chicken;Hamilton;Kirby;Yes;75;82;85
Strawberry chicken;Hadestown;Kirby;Yes;78;79;82
Strawberry chicken;Hadestown;Peter Pan;Yes;51;61;63
Strawberry chicken;Dr. Horrible;Julie D'Aubigny;Yes;55;65;69
Strawberry chicken;Dr. Horrible;Kirby;No;79;89;92
Elvis sandwich;Hamilton;Hercules;No;91;92;89
Strawberry chicken;Dr. Horrible;Julie D'Aubigny;No;88;93;93
Elvis sandwich;Hadestown;Captain Marvel;Yes;63;56;57
Elvis sandwich;Exit;Julie D'Aubigny;Yes;83;73;80
Strawberry chicken;Hamilton;Captain Marvel;Yes;87;86;95
Elvis sandwich;Hamilton;Peter Pan;Yes;72;67;68
Elvis sandwich;Hadestown;Julie D'Aubigny;No;65;74;77
Elvis sandwich;Hadestown;Sonic;Yes;82;74;82
Strawberry chicken;Galavant;Kirby;Yes;51;51;49
Elvis sandwich;Hadestown;Sonic;Yes;89;82;84
Elvis sandwich;Dr. Horrible;Peter Pan;No;53;40;37
Elvis sandwich;Exit;Julie D'Aubigny;No;87;70;74
Strawberry chicken;Dr. Horrible;Julie D'Aubigny;No;75;84;81
Elvis sandwich;Hadestown;Kirby;No;74;75;79
Elvis sandwich;Dr. Horrible;Kirby;Yes;58;48;55
Elvis sandwich;Hamilton;Peter Pan;No;51;41;54
Elvis sandwich;Exit;Captain Marvel;Yes;70;56;55
Strawberry chicken;Dr. Horrible;Hercules;Yes;59;67;66
Elvis sandwich;Hadestown;Julie D'Aubigny;No;71;69;61
Strawberry chicken;Hadestown;Peter Pan;Yes;76;71;72
Strawberry chicken;Dr. Horrible;Julie D'Aubigny;Yes;59;64;62
Strawberry chicken;Exit;Julie D'Aubigny;No;42;54;55
Elvis sandwich;Galavant;Captain Marvel;Yes;57;47;43
Elvis sandwich;Hadestown;Julie D'Aubigny;Yes;88;78;73
Strawberry chicken;Dr. Horrible;Julie D'Aubigny;Yes;22;33;39
Elvis sandwich;Hamilton;Peter Pan;Yes;88;75;84
Elvis sandwich;Dr. Horrible;Hercules;Yes;73;66;68
Strawberry chicken;Hadestown;Kirby;No;68;81;75
Elvis sandwich;Exit;Hercules;No;100;93;100
Elvis sandwich;Galavant;Peter Pan;No;62;69;67
Elvis sandwich;Galavant;Kirby;Yes;77;68;67
Strawberry chicken;Hamilton;Hercules;No;59;66;70
Elvis sandwich;Hadestown;Kirby;Yes;54;47;49
Elvis sandwich;Hadestown;Peter Pan;Yes;62;61;67
Strawberry chicken;Dr. Horrible;Julie D'Aubigny;No;70;88;89
Strawberry chicken;Exit;Captain Marvel;No;66;78;74
Elvis sandwich;Hamilton;Julie D'Aubigny;Yes;60;60;60
Strawberry chicken;Hamilton;Hercules;No;61;87;86
Elvis sandwich;Hadestown;Hercules;Yes;66;64;62
Elvis sandwich;Hamilton;Hercules;No;82;74;78
Strawberry chicken;Exit;Julie D'Aubigny;No;75;85;88
Elvis sandwich;Hamilton;Sonic;Yes;49;52;53
Elvis sandwich;Dr. Horrible;Captain Marvel;Yes;52;49;53
Strawberry chicken;Exit;Sonic;Yes;81;91;92
Strawberry chicken;Dr. Horrible;Kirby;No;96;100;100
Elvis sandwich;Dr. Horrible;Captain Marvel;No;53;51;51
Strawberry chicken;Hamilton;Sonic;No;58;78;76
Strawberry chicken;Hamilton;Captain Marvel;No;68;78;83
Strawberry chicken;Dr. Horrible;Julie D'Aubigny;No;67;70;75
Elvis sandwich;Galavant;Captain Marvel;No;72;74;73
Elvis sandwich;Exit;Peter Pan;Yes;94;78;88
Strawberry chicken;Hadestown;Julie D'Aubigny;Yes;79;81;86
Strawberry chicken;Dr. Horrible;Hercules;Yes;63;70;67
Strawberry chicken;Dr. Horrible;Kirby;No;43;54;51
Strawberry chicken;Dr. Horrible;Sonic;No;81;87;91
Strawberry chicken;Hamilton;Captain Marvel;No;46;58;54
Strawberry chicken;Dr. Horrible;Hercules;No;71;77;77
Strawberry chicken;Hamilton;Sonic;No;52;62;70
Strawberry chicken;Hadestown;Peter Pan;No;97;100;100
Elvis sandwich;Dr. Horrible;Sonic;No;62;75;68
Strawberry chicken;Dr. Horrible;Julie D'Aubigny;Yes;46;66;64
Strawberry chicken;Exit;Captain Marvel;Yes;50;47;50
Strawberry chicken;Hadestown;Hercules;Yes;65;70;69
Elvis sandwich;Dr. Horrible;Peter Pan;No;45;49;52
Elvis sandwich;Dr. Horrible;Hercules;No;65;65;67
Elvis sandwich;Exit;Captain Marvel;Yes;80;65;76
Elvis sandwich;Hadestown;Peter Pan;No;62;68;66
Elvis sandwich;Hamilton;Peter Pan;Yes;48;45;52
Strawberry chicken;Dr. Horrible;Kirby;Yes;77;87;88
Strawberry chicken;Exit;Hercules;Yes;66;69;65
Elvis sandwich;Hadestown;Julie D'Aubigny;No;76;79;83
Strawberry chicken;Hamilton;Peter Pan;Yes;62;66;64
Elvis sandwich;Hadestown;Julie D'Aubigny;No;77;62;62
Strawberry chicken;Dr. Horrible;Sonic;No;69;85;84
Elvis sandwich;Hadestown;Hercules;Yes;61;52;55
Elvis sandwich;Dr. Horrible;Peter Pan;No;59;65;69
Elvis sandwich;Exit;Captain Marvel;Yes;55;51;56
Strawberry chicken;Hamilton;Julie D'Aubigny;Yes;45;55;53
Strawberry chicken;Hamilton;Kirby;Yes;78;76;79
Strawberry chicken;Dr. Horrible;Hercules;No;67;86;84
Strawberry chicken;Hadestown;Julie D'Aubigny;Yes;65;77;81
Elvis sandwich;Dr. Horrible;Hercules;Yes;69;69;77
Strawberry chicken;Hamilton;Hercules;Yes;57;68;69
Elvis sandwich;Dr. Horrible;Julie D'Aubigny;Yes;59;42;41
Elvis sandwich;Hadestown;Peter Pan;No;74;78;71
Elvis sandwich;Exit;Kirby;Yes;82;62;62
Elvis sandwich;Exit;Captain Marvel;No;81;76;80
Strawberry chicken;Hamilton;Julie D'Aubigny;Yes;74;76;81
Strawberry chicken;Hamilton;Julie D'Aubigny;Yes;58;66;61
Elvis sandwich;Hadestown;Peter Pan;No;80;79;79
Elvis sandwich;Dr. Horrible;Julie D'Aubigny;Yes;35;27;28
Strawberry chicken;Dr. Horrible;Captain Marvel;Yes;42;60;62
Elvis sandwich;Dr. Horrible;Hercules;No;60;56;51
Elvis sandwich;Exit;Captain Marvel;No;87;81;91
Elvis sandwich;Hamilton;Peter Pan;No;84;75;83
Strawberry chicken;Exit;Hercules;No;83;88;86
Strawberry chicken;Dr. Horrible;Captain Marvel;Yes;34;39;42
Elvis sandwich;Hamilton;Captain Marvel;Yes;66;70;77
Elvis sandwich;Hamilton;Peter Pan;No;61;56;56
Strawberry chicken;Hadestown;Captain Marvel;No;56;74;68
Elvis sandwich;Hamilton;Hercules;Yes;87;73;85
Strawberry chicken;Dr. Horrible;Peter Pan;Yes;55;62;65
Elvis sandwich;Hadestown;Peter Pan;Yes;86;75;80
Strawberry chicken;Hamilton;Hercules;No;52;73;66
Strawberry chicken;Exit;Sonic;Yes;45;54;56
Strawberry chicken;Dr. Horrible;Julie D'Aubigny;Yes;72;71;72
Elvis sandwich;Hadestown;Captain Marvel;Yes;57;54;50
Elvis sandwich;Galavant;Peter Pan;Yes;68;64;72
Strawberry chicken;Dr. Horrible;Julie D'Aubigny;No;88;94;95
Elvis sandwich;Hadestown;Julie D'Aubigny;Yes;76;66;64
Elvis sandwich;Dr. Horrible;Hercules;Yes;46;42;43
Strawberry chicken;Hamilton;Kirby;Yes;67;83;86
Elvis sandwich;Exit;Peter Pan;Yes;92;78;87
Elvis sandwich;Dr. Horrible;Kirby;No;83;84;82
Elvis sandwich;Hadestown;Hercules;Yes;80;77;75
Elvis sandwich;Hadestown;Kirby;Yes;63;67;66
Strawberry chicken;Hadestown;Peter Pan;No;64;74;60
Elvis sandwich;Hamilton;Julie D'Aubigny;Yes;54;51;52
Elvis sandwich;Dr. Horrible;Hercules;Yes;84;80;80
Elvis sandwich;Hadestown;Captain Marvel;No;73;66;68
Strawberry chicken;Exit;Kirby;Yes;80;83;83
Strawberry chicken;Hadestown;Captain Marvel;Yes;56;55;52
Elvis sandwich;Exit;Julie D'Aubigny;Yes;59;43;51
Elvis sandwich;Hadestown;Peter Pan;Yes;75;69;74
Elvis sandwich;Dr. Horrible;Hercules;Yes;85;71;76
Elvis sandwich;Exit;Hercules;Yes;89;74;76
Strawberry chicken;Hamilton;Captain Marvel;No;58;68;70
Strawberry chicken;Hamilton;Captain Marvel;Yes;65;62;64
Elvis sandwich;Dr. Horrible;Captain Marvel;Yes;68;53;60
Elvis sandwich;Galavant;Peter Pan;No;47;49;49
Strawberry chicken;Hadestown;Julie D'Aubigny;Yes;71;83;83
Strawberry chicken;Hamilton;Peter Pan;No;60;70;70
Elvis sandwich;Hadestown;Sonic;Yes;80;72;80
Elvis sandwich;Hadestown;Captain Marvel;Yes;54;52;52
Strawberry chicken;Exit;Julie D'Aubigny;Yes;62;70;73
Strawberry chicken;Dr. Horrible;Hercules;Yes;64;68;73
Elvis sandwich;Dr. Horrible;Hercules;No;78;77;77
Strawberry chicken;Hamilton;Julie D'Aubigny;Yes;70;78;75
Strawberry chicken;Dr. Horrible;Sonic;No;65;81;81
Strawberry chicken;Dr. Horrible;Peter Pan;No;64;77;79
Elvis sandwich;Dr. Horrible;Julie D'Aubigny;No;79;78;79
Strawberry chicken;Dr. Horrible;Peter Pan;Yes;44;51;50
Strawberry chicken;Exit;Captain Marvel;Yes;99;90;93
Elvis sandwich;Hadestown;Captain Marvel;Yes;76;68;73
Elvis sandwich;Hadestown;Peter Pan;Yes;59;41;42
Strawberry chicken;Dr. Horrible;Kirby;Yes;63;81;75
Strawberry chicken;Hadestown;Captain Marvel;Yes;69;77;72
Strawberry chicken;Hadestown;Hercules;No;88;95;92
Strawberry chicken;Exit;Julie D'Aubigny;Yes;71;70;76
Elvis sandwich;Dr. Horrible;Kirby;Yes;69;61;63
Elvis sandwich;Dr. Horrible;Julie D'Aubigny;Yes;58;42;49
Strawberry chicken;Hadestown;Hercules;Yes;47;58;53
Strawberry chicken;Hadestown;Julie D'Aubigny;Yes;65;71;70
Elvis sandwich;Hamilton;Julie D'Aubigny;No;88;76;85
Elvis sandwich;Dr. Horrible;Kirby;Yes;83;73;78
Strawberry chicken;Dr. Horrible;Peter Pan;No;85;93;92
Strawberry chicken;Exit;Captain Marvel;No;59;75;63
Strawberry chicken;Dr. Horrible;Peter Pan;Yes;65;80;86
Elvis sandwich;Hamilton;Kirby;Yes;73;57;56
Elvis sandwich;Hadestown;Captain Marvel;Yes;53;42;52
Elvis sandwich;Hadestown;Captain Marvel;Yes;45;46;48
Strawberry chicken;Hadestown;Kirby;Yes;73;84;79
Strawberry chicken;Hadestown;Julie D'Aubigny;No;70;78;78
Strawberry chicken;Hamilton;Peter Pan;Yes;37;46;46
Elvis sandwich;Hamilton;Hercules;No;81;82;82
Elvis sandwich;Exit;Hercules;No;97;88;82
Strawberry chicken;Hamilton;Peter Pan;Yes;67;82;89
Elvis sandwich;Hamilton;Kirby;Yes;88;76;75
Elvis sandwich;Exit;Peter Pan;No;77;77;76
Elvis sandwich;Dr. Horrible;Hercules;Yes;76;68;70
Elvis sandwich;Hadestown;Peter Pan;Yes;86;70;73
Elvis sandwich;Dr. Horrible;Peter Pan;No;63;57;60
Strawberry chicken;Exit;Kirby;Yes;65;75;73
Elvis sandwich;Hadestown;Captain Marvel;No;78;80;77
Elvis sandwich;Hamilton;Hercules;Yes;67;60;62
Elvis sandwich;Galavant;Peter Pan;No;46;43;41
Elvis sandwich;Exit;Hercules;No;71;68;74
Elvis sandwich;Dr. Horrible;Captain Marvel;No;40;50;46
Elvis sandwich;Hadestown;Hercules;Yes;90;75;87
Elvis sandwich;Galavant;Julie D'Aubigny;No;81;81;78
Elvis sandwich;Hadestown;Peter Pan;Yes;56;52;54
Strawberry chicken;Dr. Horrible;Hercules;No;67;81;84
Elvis sandwich;Hamilton;Hercules;Yes;80;64;76
Strawberry chicken;Dr. Horrible;Hercules;No;74;83;75
Elvis sandwich;Galavant;Julie D'Aubigny;Yes;69;69;67
Elvis sandwich;Exit;Julie D'Aubigny;No;99;81;87
Elvis sandwich;Dr. Horrible;Peter Pan;Yes;51;44;52
Strawberry chicken;Hamilton;Hercules;Yes;53;67;71
Strawberry chicken;Hadestown;Captain Marvel;Yes;49;52;57
Strawberry chicken;Hamilton;Hercules;Yes;73;80;76
Elvis sandwich;Hamilton;Kirby;Yes;66;57;60
Elvis sandwich;Hadestown;Kirby;No;67;68;61
Strawberry chicken;Dr. Horrible;Hercules;No;68;69;67
Strawberry chicken;Dr. Horrible;Kirby;No;59;75;64
Elvis sandwich;Dr. Horrible;Captain Marvel;Yes;71;65;66
Strawberry chicken;Hadestown;Sonic;No;77;91;82
Elvis sandwich;Dr. Horrible;Hercules;Yes;83;78;72
Elvis sandwich;Hamilton;Kirby;Yes;63;69;71
Strawberry chicken;Hadestown;Hercules;Yes;56;63;65
Strawberry chicken;Dr. Horrible;Captain Marvel;No;67;84;79
Strawberry chicken;Exit;Captain Marvel;Yes;75;79;86
Strawberry chicken;Dr. Horrible;Julie D'Aubigny;Yes;71;80;81
Strawberry chicken;Dr. Horrible;Peter Pan;Yes;43;53;53
Strawberry chicken;Dr. Horrible;Captain Marvel;Yes;41;43;46
Strawberry chicken;Dr. Horrible;Julie D'Aubigny;Yes;82;94;90
Elvis sandwich;Dr. Horrible;Julie D'Aubigny;Yes;61;62;61
Elvis sandwich;Galavant;Julie D'Aubigny;Yes;28;19;23
Elvis sandwich;Dr. Horrible;Hercules;No;82;77;75
Strawberry chicken;Hamilton;Peter Pan;Yes;41;51;55
Elvis sandwich;Dr. Horrible;Captain Marvel;Yes;71;61;60
Elvis sandwich;Dr. Horrible;Hercules;Yes;47;35;37
Elvis sandwich;Exit;Hercules;No;62;53;56
Elvis sandwich;Hamilton;Hercules;Yes;90;81;78
Strawberry chicken;Dr. Horrible;Kirby;Yes;83;95;93
Strawberry chicken;Hamilton;Julie D'Aubigny;Yes;61;66;68
Elvis sandwich;Hadestown;Peter Pan;No;76;69;70
Elvis sandwich;Dr. Horrible;Hercules;Yes;49;43;51
Strawberry chicken;Hamilton;Peter Pan;Yes;24;27;38
Strawberry chicken;Hadestown;Peter Pan;No;35;60;55
Elvis sandwich;Dr. Horrible;Captain Marvel;Yes;58;52;61
Strawberry chicken;Dr. Horrible;Captain Marvel;Yes;61;63;73
Strawberry chicken;Hamilton;Captain Marvel;No;69;74;76
Elvis sandwich;Hadestown;Hercules;No;67;67;72
Elvis sandwich;Hadestown;Julie D'Aubigny;Yes;79;67;73
Strawberry chicken;Dr. Horrible;Captain Marvel;Yes;72;75;80
Elvis sandwich;Hamilton;Julie D'Aubigny;Yes;62;57;61
Strawberry chicken;Dr. Horrible;Kirby;No;77;95;94
Elvis sandwich;Hadestown;Captain Marvel;Yes;75;66;74
Elvis sandwich;Exit;Hercules;Yes;87;76;74
Strawberry chicken;Hamilton;Kirby;Yes;52;69;65
Elvis sandwich;Exit;Julie D'Aubigny;Yes;66;52;57
Strawberry chicken;Dr. Horrible;Julie D'Aubigny;No;63;80;78
Strawberry chicken;Dr. Horrible;Hercules;Yes;46;57;58
Strawberry chicken;Dr. Horrible;Julie D'Aubigny;Yes;59;70;71
Strawberry chicken;Hamilton;Kirby;Yes;61;70;72
Elvis sandwich;Galavant;Hercules;Yes;63;61;61
Strawberry chicken;Dr. Horrible;Julie D'Aubigny;No;42;69;66
Elvis sandwich;Hadestown;Julie D'Aubigny;Yes;59;61;62
Strawberry chicken;Hadestown;Julie D'Aubigny;Yes;80;89;90
Strawberry chicken;Hamilton;Captain Marvel;Yes;58;59;62
Elvis sandwich;Hamilton;Peter Pan;No;85;78;84
Strawberry chicken;Dr. Horrible;Julie D'Aubigny;Yes;52;58;58
Strawberry chicken;Hadestown;Peter Pan;Yes;27;32;34
Elvis sandwich;Dr. Horrible;Julie D'Aubigny;Yes;59;58;60
Elvis sandwich;Galavant;Kirby;No;49;60;58
Elvis sandwich;Dr. Horrible;Captain Marvel;No;69;53;58
Elvis sandwich;Dr. Horrible;Kirby;Yes;61;61;66
Strawberry chicken;Galavant;Peter Pan;Yes;44;58;64
Strawberry chicken;Hadestown;Peter Pan;Yes;73;85;84
Elvis sandwich;Exit;Julie D'Aubigny;Yes;84;71;77
Strawberry chicken;Dr. Horrible;Julie D'Aubigny;No;45;70;73
Elvis sandwich;Hadestown;Peter Pan;Yes;74;72;74
Strawberry chicken;Hadestown;Julie D'Aubigny;No;82;96;97
Strawberry chicken;Hadestown;Kirby;Yes;59;73;70
Elvis sandwich;Exit;Hercules;Yes;46;41;43
Strawberry chicken;Hadestown;Peter Pan;Yes;80;82;90
Strawberry chicken;Hadestown;Sonic;No;85;100;95
Strawberry chicken;Galavant;Peter Pan;Yes;71;77;83
Elvis sandwich;Galavant;Kirby;Yes;66;62;64
Strawberry chicken;Hamilton;Hercules;Yes;80;83;86
Elvis sandwich;Dr. Horrible;Hercules;No;87;95;100
Elvis sandwich;Dr. Horrible;Sonic;Yes;79;71;81
Strawberry chicken;Exit;Peter Pan;Yes;38;45;49
Strawberry chicken;Galavant;Peter Pan;Yes;38;43;43
Strawberry chicken;Exit;Julie D'Aubigny;Yes;67;75;76
Strawberry chicken;Exit;Kirby;Yes;64;70;73
Strawberry chicken;Dr. Horrible;Hercules;Yes;57;67;78
Strawberry chicken;Hadestown;Captain Marvel;Yes;62;64;64
Elvis sandwich;Hadestown;Sonic;Yes;73;75;70
Elvis sandwich;Exit;Peter Pan;No;73;59;67
Strawberry chicken;Hadestown;Julie D'Aubigny;Yes;77;77;68
Elvis sandwich;Exit;Julie D'Aubigny;Yes;76;67;67
Elvis sandwich;Dr. Horrible;Hercules;No;57;56;54
Strawberry chicken;Dr. Horrible;Peter Pan;No;65;77;74
Elvis sandwich;Galavant;Captain Marvel;Yes;48;41;45
Strawberry chicken;Hamilton;Captain Marvel;Yes;50;63;67
Strawberry chicken;Dr. Horrible;Hercules;Yes;85;95;89
Elvis sandwich;Hamilton;Peter Pan;Yes;74;57;63
Elvis sandwich;Hadestown;Peter Pan;Yes;60;54;59
Strawberry chicken;Dr. Horrible;Peter Pan;No;59;67;54
Elvis sandwich;Galavant;Julie D'Aubigny;Yes;53;43;43
Strawberry chicken;Galavant;Julie D'Aubigny;Yes;49;55;65
Strawberry chicken;Hadestown;Captain Marvel;No;88;100;99
Strawberry chicken;Dr. Horrible;Captain Marvel;Yes;54;62;59
Strawberry chicken;Dr. Horrible;Peter Pan;Yes;63;68;73
Elvis sandwich;Hamilton;Hercules;No;65;63;65
Strawberry chicken;Hamilton;Hercules;Yes;82;77;80
Strawberry chicken;Hadestown;Captain Marvel;No;52;56;57
Elvis sandwich;Hadestown;Hercules;No;87;85;84
Strawberry chicken;Hadestown;Sonic;No;70;74;71
Elvis sandwich;Exit;Julie D'Aubigny;No;84;78;83
Elvis sandwich;Hadestown;Hercules;Yes;71;60;66
Elvis sandwich;Hamilton;Peter Pan;No;63;67;67
Strawberry chicken;Dr. Horrible;Kirby;No;51;79;72
Elvis sandwich;Exit;Captain Marvel;Yes;84;69;73
Elvis sandwich;Dr. Horrible;Kirby;No;71;68;74
Elvis sandwich;Dr. Horrible;Hercules;Yes;74;67;73
Elvis sandwich;Hadestown;Julie D'Aubigny;Yes;68;62;59
Elvis sandwich;Exit;Captain Marvel;No;57;54;56
Strawberry chicken;Dr. Horrible;Hercules;No;82;93;93
Strawberry chicken;Hadestown;Captain Marvel;No;57;64;58
Strawberry chicken;Hadestown;Sonic;No;47;67;58
Strawberry chicken;Galavant;Peter Pan;No;59;80;85
Elvis sandwich;Hamilton;Julie D'Aubigny;Yes;41;34;39
Strawberry chicken;Dr. Horrible;Julie D'Aubigny;Yes;62;62;67
Elvis sandwich;Dr. Horrible;Kirby;Yes;86;86;83
Elvis sandwich;Dr. Horrible;Peter Pan;Yes;69;65;71
Elvis sandwich;Galavant;Peter Pan;Yes;65;53;59
Elvis sandwich;Dr. Horrible;Peter Pan;Yes;68;54;63
Elvis sandwich;Dr. Horrible;Hercules;Yes;64;59;66
Strawberry chicken;Dr. Horrible;Captain Marvel;Yes;61;70;72
Elvis sandwich;Dr. Horrible;Captain Marvel;Yes;61;55;56
Strawberry chicken;Galavant;Peter Pan;Yes;47;50;59
Elvis sandwich;Dr. Horrible;Peter Pan;Yes;73;66;66
Elvis sandwich;Dr. Horrible;Julie D'Aubigny;No;50;53;48
Elvis sandwich;Hadestown;Hercules;Yes;75;64;68
Elvis sandwich;Hadestown;Hercules;Yes;75;73;66
Elvis sandwich;Dr. Horrible;Captain Marvel;Yes;70;51;56
Elvis sandwich;Hadestown;Peter Pan;No;89;82;88
Strawberry chicken;Dr. Horrible;Julie D'Aubigny;No;67;79;81
Strawberry chicken;Hadestown;Captain Marvel;Yes;78;80;81
Strawberry chicken;Galavant;Peter Pan;Yes;59;69;73
Strawberry chicken;Hamilton;Hercules;Yes;73;76;83
Elvis sandwich;Galavant;Peter Pan;Yes;79;73;82
Strawberry chicken;Dr. Horrible;Peter Pan;No;67;77;74
Elvis sandwich;Hadestown;Julie D'Aubigny;Yes;69;60;66
Elvis sandwich;Dr. Horrible;Captain Marvel;No;86;80;81
Elvis sandwich;Hamilton;Captain Marvel;Yes;47;42;46
Elvis sandwich;Hamilton;Hercules;Yes;81;72;73
Strawberry chicken;Dr. Horrible;Julie D'Aubigny;No;64;85;85
Strawberry chicken;Exit;Julie D'Aubigny;Yes;100;97;92
Strawberry chicken;Dr. Horrible;Hercules;Yes;65;74;77
Elvis sandwich;Dr. Horrible;Julie D'Aubigny;Yes;65;49;58
Strawberry chicken;Dr. Horrible;Hercules;Yes;53;62;61
Elvis sandwich;Dr. Horrible;Kirby;Yes;37;47;56
Strawberry chicken;Hadestown;Kirby;Yes;79;89;89
Elvis sandwich;Hadestown;Hercules;Yes;53;48;54
Strawberry chicken;Exit;Kirby;Yes;100;100;100
Elvis sandwich;Hamilton;Captain Marvel;No;72;68;65
Elvis sandwich;Dr. Horrible;Kirby;Yes;53;55;58
Elvis sandwich;Hamilton;Julie D'Aubigny;Yes;54;45;54
Strawberry chicken;Exit;Julie D'Aubigny;Yes;71;76;70
Strawberry chicken;Dr. Horrible;Julie D'Aubigny;Yes;77;91;90
Elvis sandwich;Galavant;Kirby;No;75;62;58
Strawberry chicken;Dr. Horrible;Julie D'Aubigny;Yes;84;91;87
Strawberry chicken;Hadestown;Hercules;Yes;26;38;31
Elvis sandwich;Galavant;Captain Marvel;No;72;65;67
Strawberry chicken;Galavant;Captain Marvel;No;77;85;88
Elvis sandwich;Dr. Horrible;Julie D'Aubigny;Yes;91;76;74
Strawberry chicken;Dr. Horrible;Hercules;No;83;90;85
Strawberry chicken;Dr. Horrible;Captain Marvel;Yes;63;74;69
Strawberry chicken;Dr. Horrible;Hercules;No;68;84;86
Strawberry chicken;Hadestown;Peter Pan;Yes;59;61;67
Strawberry chicken;Hamilton;Hercules;No;90;91;90
Strawberry chicken;Hadestown;Kirby;No;71;83;76
Elvis sandwich;Exit;Kirby;No;76;66;62
Elvis sandwich;Hadestown;Hercules;Yes;80;72;68
Strawberry chicken;Hadestown;Sonic;Yes;55;70;64
Elvis sandwich;Exit;Hercules;Yes;76;67;71
Elvis sandwich;Hamilton;Captain Marvel;No;73;68;71
Strawberry chicken;Hadestown;Hercules;Yes;52;56;59
Elvis sandwich;Dr. Horrible;Julie D'Aubigny;Yes;68;61;68
Elvis sandwich;Galavant;Captain Marvel;Yes;59;46;52
Strawberry chicken;Hamilton;Hercules;Yes;49;54;52
Elvis sandwich;Dr. Horrible;Captain Marvel;Yes;70;71;74
Elvis sandwich;Hadestown;Julie D'Aubigny;Yes;61;56;47
Strawberry chicken;Dr. Horrible;Hercules;Yes;60;74;75
Elvis sandwich;Hamilton;Peter Pan;No;64;57;53
Elvis sandwich;Galavant;Hercules;No;79;82;82
Strawberry chicken;Galavant;Hercules;Yes;65;76;85
Strawberry chicken;Dr. Horrible;Hercules;Yes;64;70;64
Strawberry chicken;Dr. Horrible;Julie D'Aubigny;Yes;83;90;83
Strawberry chicken;Dr. Horrible;Kirby;Yes;81;90;88
Strawberry chicken;Hamilton;Captain Marvel;Yes;54;68;64
Elvis sandwich;Hadestown;Captain Marvel;No;68;66;64
Strawberry chicken;Dr. Horrible;Julie D'Aubigny;Yes;54;52;48
Strawberry chicken;Hadestown;Julie D'Aubigny;No;59;76;78
Strawberry chicken;Hamilton;Peter Pan;Yes;66;68;69
Elvis sandwich;Exit;Julie D'Aubigny;Yes;76;72;71
Strawberry chicken;Hadestown;Sonic;Yes;74;82;79
Strawberry chicken;Hamilton;Hercules;No;94;92;87
Elvis sandwich;Dr. Horrible;Julie D'Aubigny;Yes;63;54;61
Strawberry chicken;Exit;Hercules;No;95;92;89
Strawberry chicken;Hadestown;Sonic;Yes;40;54;59
Strawberry chicken;Hamilton;Peter Pan;Yes;82;80;82
Elvis sandwich;Galavant;Captain Marvel;Yes;68;66;70
Elvis sandwich;Hamilton;Kirby;Yes;55;54;59
Elvis sandwich;Dr. Horrible;Sonic;Yes;79;77;78
Strawberry chicken;Dr. Horrible;Kirby;Yes;86;87;92
Elvis sandwich;Hadestown;Julie D'Aubigny;Yes;76;73;71
Elvis sandwich;Galavant;Peter Pan;Yes;64;43;50
Elvis sandwich;Hadestown;Peter Pan;Yes;62;52;49
Strawberry chicken;Hamilton;Peter Pan;No;54;62;61
Strawberry chicken;Hamilton;Sonic;No;77;94;97
Strawberry chicken;Dr. Horrible;Peter Pan;No;76;85;87
Strawberry chicken;Hadestown;Julie D'Aubigny;Yes;74;84;89
Strawberry chicken;Exit;Julie D'Aubigny;No;66;73;74
Strawberry chicken;Hadestown;Peter Pan;No;66;78;78
Strawberry chicken;Hamilton;Captain Marvel;No;67;79;78
Elvis sandwich;Hadestown;Julie D'Aubigny;Yes;71;52;49
Strawberry chicken;Dr. Horrible;Hercules;Yes;91;84;86
Elvis sandwich;Hadestown;Kirby;Yes;69;57;58
Elvis sandwich;Dr. Horrible;Sonic;Yes;54;50;59
Elvis sandwich;Dr. Horrible;Captain Marvel;No;53;49;52
Elvis sandwich;Exit;Julie D'Aubigny;Yes;68;59;60
Elvis sandwich;Dr. Horrible;Peter Pan;No;56;60;61
Strawberry chicken;Dr. Horrible;Captain Marvel;Yes;36;43;53
Strawberry chicken;Hadestown;Kirby;Yes;29;47;41
Strawberry chicken;Dr. Horrible;Hercules;Yes;62;70;74
Strawberry chicken;Dr. Horrible;Hercules;No;68;73;67
Strawberry chicken;Dr. Horrible;Peter Pan;Yes;47;53;54
Elvis sandwich;Exit;Hercules;No;62;58;61
Strawberry chicken;Exit;Hercules;No;79;94;88
Elvis sandwich;Hamilton;Captain Marvel;No;73;68;69
Strawberry chicken;Dr. Horrible;Kirby;No;66;83;83
Elvis sandwich;Dr. Horrible;Hercules;No;51;58;60
Strawberry chicken;Hadestown;Captain Marvel;Yes;51;62;66
Elvis sandwich;Exit;Kirby;No;85;71;66
Elvis sandwich;Galavant;Hercules;No;97;86;92
Elvis sandwich;Dr. Horrible;Captain Marvel;No;75;68;69
Elvis sandwich;Hadestown;Hercules;No;79;80;82
Strawberry chicken;Dr. Horrible;Hercules;Yes;81;79;77
Strawberry chicken;Hadestown;Hercules;Yes;82;89;95
Strawberry chicken;Hadestown;Sonic;Yes;64;66;63
Elvis sandwich;Exit;Peter Pan;No;78;80;83
Strawberry chicken;Galavant;Peter Pan;No;92;97;100
Elvis sandwich;Dr. Horrible;Captain Marvel;No;72;64;67
Strawberry chicken;Dr. Horrible;Captain Marvel;Yes;62;64;67
Elvis sandwich;Dr. Horrible;Sonic;Yes;79;69;72
Elvis sandwich;Dr. Horrible;Peter Pan;Yes;79;65;76
Elvis sandwich;Hamilton;Kirby;No;87;88;90
Strawberry chicken;Hamilton;Hercules;Yes;40;50;48
Elvis sandwich;Hadestown;Julie D'Aubigny;Yes;77;64;62
Elvis sandwich;Exit;Hercules;Yes;53;40;45
Strawberry chicken;Dr. Horrible;Julie D'Aubigny;Yes;32;33;39
Strawberry chicken;Dr. Horrible;Hercules;No;55;79;72
Elvis sandwich;Dr. Horrible;Sonic;Yes;61;66;67
Strawberry chicken;Hamilton;Hercules;Yes;53;70;70
Elvis sandwich;Hadestown;Peter Pan;Yes;73;62;66
Strawberry chicken;Hadestown;Julie D'Aubigny;No;74;79;75
Strawberry chicken;Dr. Horrible;Julie D'Aubigny;Yes;63;74;74
Elvis sandwich;Dr. Horrible;Kirby;No;96;92;90
Strawberry chicken;Hadestown;Julie D'Aubigny;No;63;80;80
Elvis sandwich;Hamilton;Kirby;Yes;48;46;51
Elvis sandwich;Hamilton;Hercules;Yes;48;45;43
Strawberry chicken;Exit;Kirby;No;92;100;100
Strawberry chicken;Hadestown;Sonic;No;61;78;71
Elvis sandwich;Hamilton;Captain Marvel;Yes;63;47;48
Elvis sandwich;Hadestown;Kirby;Yes;68;67;68
Elvis sandwich;Hamilton;Julie D'Aubigny;No;71;70;75
Elvis sandwich;Galavant;Kirby;Yes;91;92;96
Strawberry chicken;Dr. Horrible;Julie D'Aubigny;Yes;53;56;62
Strawberry chicken;Dr. Horrible;Captain Marvel;No;50;64;66
Strawberry chicken;Exit;Captain Marvel;Yes;74;71;81
Elvis sandwich;Galavant;Hercules;No;40;53;55
Elvis sandwich;Galavant;Julie D'Aubigny;No;61;52;51
Strawberry chicken;Hamilton;Captain Marvel;Yes;81;89;91
Strawberry chicken;Hamilton;Julie D'Aubigny;No;48;58;56
Strawberry chicken;Hadestown;Sonic;Yes;53;68;61
Strawberry chicken;Hadestown;Peter Pan;Yes;81;96;97
Strawberry chicken;Exit;Peter Pan;Yes;77;80;79
Strawberry chicken;Hadestown;Kirby;Yes;63;78;73
Strawberry chicken;Hadestown;Hercules;No;73;80;75
Strawberry chicken;Hadestown;Julie D'Aubigny;Yes;69;77;77
Strawberry chicken;Dr. Horrible;Hercules;Yes;65;76;76
Strawberry chicken;Galavant;Captain Marvel;Yes;55;73;73
Strawberry chicken;Dr. Horrible;Kirby;Yes;44;62;63
Strawberry chicken;Dr. Horrible;Julie D'Aubigny;Yes;54;65;64
Strawberry chicken;Galavant;Peter Pan;Yes;48;65;66
Elvis sandwich;Dr. Horrible;Julie D'Aubigny;Yes;58;54;57
Elvis sandwich;Galavant;Peter Pan;Yes;71;50;62
Elvis sandwich;Exit;Kirby;Yes;68;64;68
Strawberry chicken;Exit;Captain Marvel;Yes;74;73;76
Strawberry chicken;Dr. Horrible;Kirby;No;92;99;100
Strawberry chicken;Dr. Horrible;Kirby;No;56;72;79
Elvis sandwich;Hamilton;Captain Marvel;Yes;30;15;24
Elvis sandwich;Galavant;Peter Pan;Yes;53;48;54
Strawberry chicken;Hadestown;Captain Marvel;Yes;69;73;77
Strawberry chicken;Hadestown;Peter Pan;Yes;65;81;82
Strawberry chicken;Hadestown;Sonic;Yes;54;63;60
Strawberry chicken;Dr. Horrible;Captain Marvel;Yes;29;30;29
Strawberry chicken;Exit;Julie D'Aubigny;Yes;76;80;78
Elvis sandwich;Hadestown;Captain Marvel;Yes;60;51;57
Elvis sandwich;Hadestown;Sonic;No;84;90;89
Elvis sandwich;Dr. Horrible;Peter Pan;Yes;75;62;72
Strawberry chicken;Dr. Horrible;Hercules;Yes;85;82;84
Strawberry chicken;Dr. Horrible;Sonic;Yes;40;54;58
Strawberry chicken;Exit;Julie D'Aubigny;Yes;61;62;64
Strawberry chicken;Hamilton;Hercules;Yes;58;65;63
Elvis sandwich;Hadestown;Julie D'Aubigny;No;69;63;60
Strawberry chicken;Dr. Horrible;Julie D'Aubigny;Yes;58;66;59
Elvis sandwich;Dr. Horrible;Kirby;No;94;91;90
Strawberry chicken;Dr. Horrible;Hercules;Yes;65;74;77
Strawberry chicken;Galavant;Hercules;Yes;82;93;93
Strawberry chicken;Dr. Horrible;Captain Marvel;Yes;60;72;68
Strawberry chicken;Exit;Kirby;Yes;37;38;45
Elvis sandwich;Hadestown;Kirby;Yes;88;83;78
Elvis sandwich;Hadestown;Sonic;Yes;95;84;81
Elvis sandwich;Dr. Horrible;Hercules;No;65;68;73
Strawberry chicken;Dr. Horrible;Captain Marvel;Yes;35;54;61
Elvis sandwich;Hamilton;Kirby;Yes;62;56;63
Elvis sandwich;Dr. Horrible;Captain Marvel;No;58;52;51
Elvis sandwich;Galavant;Julie D'Aubigny;No;100;86;96
Strawberry chicken;Exit;Kirby;Yes;61;62;58
Elvis sandwich;Hadestown;Julie D'Aubigny;No;100;99;97
Elvis sandwich;Hamilton;Hercules;No;69;63;70
Elvis sandwich;Hadestown;Hercules;Yes;61;46;48
Elvis sandwich;Hadestown;Julie D'Aubigny;Yes;49;46;57
Strawberry chicken;Dr. Horrible;Peter Pan;No;44;55;51
Elvis sandwich;Hadestown;Julie D'Aubigny;Yes;67;70;64
Elvis sandwich;Hamilton;Captain Marvel;Yes;79;65;60
Strawberry chicken;Hamilton;Kirby;No;66;81;74
Strawberry chicken;Dr. Horrible;Captain Marvel;Yes;75;85;88
Elvis sandwich;Hadestown;Peter Pan;Yes;84;80;84
Elvis sandwich;Galavant;Captain Marvel;Yes;71;64;74
Strawberry chicken;Hamilton;Captain Marvel;No;67;81;80
Strawberry chicken;Hadestown;Peter Pan;No;80;88;92
Elvis sandwich;Exit;Julie D'Aubigny;Yes;86;74;76
Strawberry chicken;Hadestown;Hercules;Yes;76;73;74
Elvis sandwich;Hadestown;Captain Marvel;Yes;41;51;52
Strawberry chicken;Hadestown;Hercules;No;74;90;88
Strawberry chicken;Hamilton;Peter Pan;Yes;72;79;81
Strawberry chicken;Exit;Captain Marvel;No;74;80;79
Elvis sandwich;Hamilton;Captain Marvel;Yes;70;60;65
Strawberry chicken;Hamilton;Kirby;No;65;81;81
Strawberry chicken;Hadestown;Hercules;Yes;59;65;70
Strawberry chicken;Exit;Captain Marvel;Yes;64;68;62
Strawberry chicken;Hamilton;Captain Marvel;Yes;50;55;53
Strawberry chicken;Hadestown;Julie D'Aubigny;No;69;81;79
Elvis sandwich;Dr. Horrible;Peter Pan;No;51;53;56
Strawberry chicken;Galavant;Captain Marvel;No;68;76;80
Strawberry chicken;Hadestown;Julie D'Aubigny;No;85;98;86
Strawberry chicken;Galavant;Hercules;No;65;74;70
Strawberry chicken;Hamilton;Peter Pan;Yes;73;79;79
Strawberry chicken;Hamilton;Julie D'Aubigny;Yes;62;67;67
Elvis sandwich;Dr. Horrible;Hercules;Yes;77;64;67
Elvis sandwich;Hadestown;Peter Pan;Yes;69;61;66
Strawberry chicken;Hadestown;Hercules;Yes;43;58;60
Elvis sandwich;Hadestown;Hercules;Yes;90;85;87
Elvis sandwich;Dr. Horrible;Julie D'Aubigny;Yes;74;73;77
Elvis sandwich;Dr. Horrible;Peter Pan;Yes;73;63;66
Strawberry chicken;Hadestown;Julie D'Aubigny;Yes;55;69;71
Strawberry chicken;Dr. Horrible;Captain Marvel;Yes;65;67;69
Elvis sandwich;Hadestown;Hercules;Yes;80;63;63
Strawberry chicken;Dr. Horrible;Peter Pan;No;50;60;60
Strawberry chicken;Dr. Horrible;Julie D'Aubigny;No;63;71;73
Strawberry chicken;Hamilton;Kirby;Yes;77;87;85
Elvis sandwich;Dr. Horrible;Julie D'Aubigny;Yes;73;61;74
Elvis sandwich;Hadestown;Hercules;No;81;77;72
Strawberry chicken;Dr. Horrible;Captain Marvel;Yes;66;68;76
Elvis sandwich;Hadestown;Hercules;Yes;52;50;57
Strawberry chicken;Dr. Horrible;Julie D'Aubigny;Yes;69;76;78
Strawberry chicken;Dr. Horrible;Hercules;No;65;84;84
Strawberry chicken;Hadestown;Captain Marvel;No;69;78;77
Strawberry chicken;Hamilton;Julie D'Aubigny;No;50;66;64
Strawberry chicken;Exit;Julie D'Aubigny;No;73;76;78
Strawberry chicken;Dr. Horrible;Peter Pan;No;70;76;82
Elvis sandwich;Hadestown;Hercules;Yes;81;78;75
Elvis sandwich;Hadestown;Julie D'Aubigny;Yes;63;60;61
Strawberry chicken;Hadestown;Captain Marvel;Yes;67;74;72
Elvis sandwich;Hamilton;Captain Marvel;Yes;60;60;68
Elvis sandwich;Hamilton;Captain Marvel;Yes;62;54;55
Strawberry chicken;Dr. Horrible;Peter Pan;No;29;44;40
Elvis sandwich;Hamilton;Julie D'Aubigny;No;62;68;66
Strawberry chicken;Exit;Sonic;No;94;100;99
Elvis sandwich;Exit;Julie D'Aubigny;No;85;68;75
Elvis sandwich;Hadestown;Hercules;Yes;77;73;78
Elvis sandwich;Galavant;Captain Marvel;Yes;53;44;58
Elvis sandwich;Exit;Julie D'Aubigny;Yes;93;83;90
Strawberry chicken;Dr. Horrible;Hercules;Yes;49;53;53
Strawberry chicken;Exit;Hercules;Yes;73;78;76
Strawberry chicken;Dr. Horrible;Kirby;No;66;81;74
Strawberry chicken;Hadestown;Hercules;Yes;77;73;77
Strawberry chicken;Dr. Horrible;Peter Pan;Yes;49;56;63
Strawberry chicken;Hadestown;Julie D'Aubigny;Yes;79;86;89
Strawberry chicken;Dr. Horrible;Hercules;No;75;90;82
Strawberry chicken;Galavant;Kirby;Yes;59;70;72
Strawberry chicken;Hadestown;Hercules;No;57;79;78
Elvis sandwich;Dr. Horrible;Captain Marvel;Yes;66;59;66
Strawberry chicken;Exit;Kirby;No;79;82;81
Strawberry chicken;Hamilton;Peter Pan;Yes;57;72;67
Elvis sandwich;Galavant;Kirby;No;87;87;84
Strawberry chicken;Hadestown;Julie D'Aubigny;Yes;63;67;64
Strawberry chicken;Hamilton;Peter Pan;No;59;64;63
Elvis sandwich;Galavant;Kirby;Yes;62;65;72
Elvis sandwich;Hadestown;Captain Marvel;Yes;46;36;34
Elvis sandwich;Dr. Horrible;Julie D'Aubigny;Yes;66;52;59
Elvis sandwich;Hadestown;Captain Marvel;Yes;89;79;87
Strawberry chicken;Hadestown;Hercules;No;42;58;61
Elvis sandwich;Dr. Horrible;Julie D'Aubigny;No;93;90;84
Strawberry chicken;Exit;Peter Pan;No;80;85;85
Strawberry chicken;Hadestown;Julie D'Aubigny;Yes;98;99;100
Elvis sandwich;Hadestown;Sonic;Yes;81;84;81
Strawberry chicken;Hamilton;Peter Pan;No;60;74;70
Strawberry chicken;Hamilton;Hercules;No;76;87;94
Elvis sandwich;Dr. Horrible;Hercules;No;73;72;78
Strawberry chicken;Dr. Horrible;Hercules;No;96;99;96
Strawberry chicken;Dr. Horrible;Captain Marvel;Yes;76;74;76
Elvis sandwich;Exit;Hercules;No;91;80;73
Strawberry chicken;Dr. Horrible;Julie D'Aubigny;Yes;62;70;72
Elvis sandwich;Hadestown;Peter Pan;No;55;59;59
Strawberry chicken;Hamilton;Peter Pan;No;74;88;90
Elvis sandwich;Dr. Horrible;Captain Marvel;Yes;50;42;48
Elvis sandwich;Hamilton;Julie D'Aubigny;Yes;47;41;43
Elvis sandwich;Exit;Julie D'Aubigny;No;81;71;74
Strawberry chicken;Exit;Hercules;No;65;77;75
Elvis sandwich;Exit;Peter Pan;No;68;57;51
Strawberry chicken;Hadestown;Captain Marvel;Yes;73;84;92
Elvis sandwich;Dr. Horrible;Julie D'Aubigny;Yes;53;37;39
Strawberry chicken;Hamilton;Hercules;No;68;80;77
Elvis sandwich;Galavant;Peter Pan;Yes;55;43;46
Strawberry chicken;Dr. Horrible;Julie D'Aubigny;No;87;94;89
Elvis sandwich;Hadestown;Peter Pan;Yes;55;44;47
Strawberry chicken;Exit;Julie D'Aubigny;Yes;53;57;58
Elvis sandwich;Dr. Horrible;Sonic;Yes;67;59;57
Elvis sandwich;Dr. Horrible;Hercules;Yes;92;84;79
Strawberry chicken;Hamilton;Julie D'Aubigny;No;53;73;66
Elvis sandwich;Hadestown;Hercules;Yes;81;73;71
Elvis sandwich;Dr. Horrible;Captain Marvel;Yes;61;55;60
Elvis sandwich;Hadestown;Kirby;Yes;80;72;73
Strawberry chicken;Galavant;Hercules;Yes;37;56;57
Strawberry chicken;Dr. Horrible;Captain Marvel;Yes;81;82;84
Strawberry chicken;Dr. Horrible;Hercules;No;59;72;73
Elvis sandwich;Hamilton;Julie D'Aubigny;Yes;55;47;55
Elvis sandwich;Hadestown;Hercules;Yes;72;74;79
Elvis sandwich;Hadestown;Captain Marvel;Yes;69;71;75
Elvis sandwich;Dr. Horrible;Julie D'Aubigny;Yes;69;68;64
Strawberry chicken;Dr. Horrible;Kirby;Yes;50;59;60
Elvis sandwich;Hamilton;Julie D'Aubigny;No;87;86;84
Elvis sandwich;Hadestown;Peter Pan;No;71;68;69
Elvis sandwich;Exit;Julie D'Aubigny;Yes;68;65;72
Elvis sandwich;Dr. Horrible;Sonic;No;79;75;77
Strawberry chicken;Dr. Horrible;Peter Pan;No;77;85;90
Elvis sandwich;Dr. Horrible;Hercules;Yes;58;53;55
Strawberry chicken;Exit;Hercules;Yes;84;92;95
Elvis sandwich;Hadestown;Julie D'Aubigny;Yes;55;52;58
Elvis sandwich;Exit;Kirby;No;70;72;68
Strawberry chicken;Hadestown;Julie D'Aubigny;No;52;65;59
Elvis sandwich;Hamilton;Julie D'Aubigny;No;69;77;77
Strawberry chicken;Dr. Horrible;Captain Marvel;Yes;53;64;72
Strawberry chicken;Hadestown;Peter Pan;Yes;48;54;58
Elvis sandwich;Hadestown;Peter Pan;No;78;86;81
Strawberry chicken;Hamilton;Captain Marvel;Yes;62;63;62
Elvis sandwich;Hadestown;Julie D'Aubigny;Yes;60;59;63
Strawberry chicken;Hamilton;Captain Marvel;Yes;74;72;72
Strawberry chicken;Dr. Horrible;Captain Marvel;No;58;77;75
Elvis sandwich;Hamilton;Captain Marvel;No;76;60;62
Strawberry chicken;Hadestown;Peter Pan;Yes;68;75;71
Elvis sandwich;Galavant;Julie D'Aubigny;Yes;58;57;60
Elvis sandwich;Hamilton;Captain Marvel;Yes;52;49;48
Elvis sandwich;Hadestown;Kirby;Yes;75;74;73
Strawberry chicken;Hamilton;Peter Pan;No;52;72;67
Strawberry chicken;Dr. Horrible;Kirby;Yes;62;79;78
Elvis sandwich;Hamilton;Julie D'Aubigny;Yes;66;60;65
Strawberry chicken;Hamilton;Peter Pan;Yes;49;55;58
Strawberry chicken;Hamilton;Captain Marvel;Yes;66;70;72
Strawberry chicken;Dr. Horrible;Julie D'Aubigny;Yes;35;43;44
Strawberry chicken;Galavant;Julie D'Aubigny;No;72;82;79
Elvis sandwich;Exit;Hercules;No;94;82;85
Strawberry chicken;Hadestown;Hercules;Yes;46;57;56
Strawberry chicken;Hamilton;Sonic;Yes;77;84;90
Strawberry chicken;Hamilton;Captain Marvel;No;76;82;85
Strawberry chicken;Dr. Horrible;Hercules;No;52;62;59
Elvis sandwich;Dr. Horrible;Kirby;No;91;79;81
Strawberry chicken;Hamilton;Peter Pan;No;32;44;51
Strawberry chicken;Exit;Peter Pan;Yes;72;77;79
Strawberry chicken;Hamilton;Julie D'Aubigny;Yes;19;32;38
Elvis sandwich;Dr. Horrible;Hercules;Yes;68;61;65
Strawberry chicken;Dr. Horrible;Sonic;Yes;52;61;65
Strawberry chicken;Hamilton;Captain Marvel;Yes;48;60;62
Strawberry chicken;Hadestown;Julie D'Aubigny;Yes;60;70;66
Elvis sandwich;Hadestown;Captain Marvel;Yes;66;69;74
Elvis sandwich;Exit;Peter Pan;No;89;77;84
Strawberry chicken;Hamilton;Captain Marvel;Yes;42;51;52
Strawberry chicken;Exit;Hercules;No;57;73;68
Elvis sandwich;Hadestown;Captain Marvel;Yes;70;70;70
Strawberry chicken;Exit;Hercules;Yes;70;81;84
Elvis sandwich;Exit;Julie D'Aubigny;Yes;69;54;60
Strawberry chicken;Dr. Horrible;Hercules;Yes;52;57;55
Elvis sandwich;Dr. Horrible;Peter Pan;No;67;68;73
Elvis sandwich;Dr. Horrible;Peter Pan;No;76;73;80
Strawberry chicken;Exit;Hercules;Yes;87;95;94
Strawberry chicken;Hamilton;Julie D'Aubigny;Yes;82;87;85
Strawberry chicken;Dr. Horrible;Julie D'Aubigny;Yes;73;78;76
Elvis sandwich;Galavant;Julie D'Aubigny;Yes;75;74;81
Strawberry chicken;Hadestown;Julie D'Aubigny;Yes;64;75;74
Strawberry chicken;Exit;Captain Marvel;Yes;41;40;45
Elvis sandwich;Dr. Horrible;Captain Marvel;Yes;90;69;75
Elvis sandwich;Hamilton;Kirby;Yes;59;51;54
Elvis sandwich;Galavant;Peter Pan;Yes;51;36;31
Elvis sandwich;Galavant;Captain Marvel;Yes;45;49;47
Strawberry chicken;Dr. Horrible;Sonic;No;54;67;64
Elvis sandwich;Exit;Peter Pan;No;87;76;84
Strawberry chicken;Dr. Horrible;Captain Marvel;Yes;72;83;80
Elvis sandwich;Hamilton;Peter Pan;No;94;87;86
Strawberry chicken;Galavant;Kirby;Yes;45;64;59
Elvis sandwich;Hadestown;Kirby;No;61;76;70
Strawberry chicken;Hamilton;Captain Marvel;Yes;60;68;72
Strawberry chicken;Dr. Horrible;Peter Pan;Yes;77;88;91
Strawberry chicken;Galavant;Peter Pan;No;85;92;90
Strawberry chicken;Hadestown;Kirby;Yes;78;93;90
Elvis sandwich;Exit;Julie D'Aubigny;No;49;51;52
Strawberry chicken;Hamilton;Captain Marvel;Yes;71;82;87
Strawberry chicken;Dr. Horrible;Peter Pan;Yes;48;52;58
Elvis sandwich;Dr. Horrible;Captain Marvel;Yes;62;58;67
Strawberry chicken;Dr. Horrible;Hercules;No;56;70;68
Strawberry chicken;Dr. Horrible;Peter Pan;Yes;65;76;69
Strawberry chicken;Hadestown;Peter Pan;No;69;81;86
Elvis sandwich;Hamilton;Peter Pan;Yes;68;53;54
Strawberry chicken;Galavant;Julie D'Aubigny;Yes;61;57;60
Strawberry chicken;Dr. Horrible;Kirby;No;74;89;86
Elvis sandwich;Galavant;Kirby;Yes;64;58;60
Strawberry chicken;Hamilton;Captain Marvel;No;77;89;82
Elvis sandwich;Hamilton;Julie D'Aubigny;Yes;58;45;50
Strawberry chicken;Dr. Horrible;Captain Marvel;No;60;74;64
Elvis sandwich;Exit;Captain Marvel;Yes;73;57;64
Strawberry chicken;Galavant;Captain Marvel;No;75;79;82
Elvis sandwich;Hamilton;Hercules;No;58;53;57
Strawberry chicken;Dr. Horrible;Hercules;Yes;66;73;77
Strawberry chicken;Hadestown;Captain Marvel;Yes;39;46;52
Elvis sandwich;Dr. Horrible;Peter Pan;Yes;64;51;58
Strawberry chicken;Hamilton;Captain Marvel;No;23;36;44
Elvis sandwich;Hamilton;Julie D'Aubigny;No;74;76;77
Strawberry chicken;Hadestown;Peter Pan;No;40;64;65
Elvis sandwich;Exit;Sonic;Yes;90;84;85
Elvis sandwich;Dr. Horrible;Sonic;No;91;85;85
Elvis sandwich;Hadestown;Captain Marvel;Yes;64;50;54
Strawberry chicken;Dr. Horrible;Captain Marvel;Yes;59;68;72
Elvis sandwich;Hadestown;Hercules;Yes;80;69;75
Elvis sandwich;Dr. Horrible;Sonic;Yes;71;67;67
Strawberry chicken;Galavant;Captain Marvel;Yes;61;63;68
Strawberry chicken;Exit;Julie D'Aubigny;Yes;87;93;85
Elvis sandwich;Exit;Peter Pan;Yes;82;61;67
Elvis sandwich;Dr. Horrible;Peter Pan;Yes;62;55;64
Strawberry chicken;Hamilton;Kirby;Yes;97;96;97
Elvis sandwich;Hamilton;Julie D'Aubigny;Yes;75;65;68
Strawberry chicken;Dr. Horrible;Kirby;Yes;65;81;79
Elvis sandwich;Hamilton;Captain Marvel;No;52;46;49
Elvis sandwich;Dr. Horrible;Hercules;Yes;87;72;73
Strawberry chicken;Dr. Horrible;Hercules;Yes;53;53;62
Strawberry chicken;Exit;Sonic;Yes;81;87;86
Elvis sandwich;Hadestown;Kirby;No;39;38;42
Strawberry chicken;Dr. Horrible;Julie D'Aubigny;No;71;80;71
Elvis sandwich;Dr. Horrible;Hercules;Yes;97;91;93
Elvis sandwich;Hadestown;Julie D'Aubigny;No;82;88;82
Elvis sandwich;Dr. Horrible;Captain Marvel;Yes;59;52;53
Elvis sandwich;Hamilton;Hercules;Yes;61;41;42
Elvis sandwich;Exit;Hercules;No;78;72;74
Elvis sandwich;Dr. Horrible;Hercules;Yes;49;51;51
Elvis sandwich;Hamilton;Captain Marvel;Yes;59;47;58
Strawberry chicken;Dr. Horrible;Julie D'Aubigny;No;70;76;72
Elvis sandwich;Hamilton;Hercules;No;82;78;84
Elvis sandwich;Exit;Hercules;Yes;90;82;90
Strawberry chicken;Dr. Horrible;Kirby;Yes;43;61;62
Elvis sandwich;Dr. Horrible;Julie D'Aubigny;Yes;80;66;64
Elvis sandwich;Hadestown;Julie D'Aubigny;Yes;81;84;82
Elvis sandwich;Dr. Horrible;Peter Pan;Yes;57;54;61
Strawberry chicken;Hadestown;Peter Pan;Yes;59;80;72
Strawberry chicken;Hadestown;Hercules;Yes;64;74;76
Elvis sandwich;Dr. Horrible;Kirby;No;63;66;64
Strawberry chicken;Exit;Kirby;No;71;70;70
Strawberry chicken;Hamilton;Captain Marvel;Yes;64;71;73
Elvis sandwich;Hadestown;Kirby;Yes;55;44;46
Strawberry chicken;Exit;Hercules;Yes;51;54;51
Strawberry chicken;Dr. Horrible;Hercules;No;62;80;76
Strawberry chicken;Exit;Hercules;No;93;95;100
Elvis sandwich;Dr. Horrible;Captain Marvel;Yes;54;59;72
Strawberry chicken;Hadestown;Julie D'Aubigny;Yes;69;74;65
Elvis sandwich;Hadestown;Captain Marvel;Yes;44;48;51
Strawberry chicken;Exit;Julie D'Aubigny;No;86;91;85
Strawberry chicken;Exit;Hercules;Yes;85;85;92
Strawberry chicken;Galavant;Sonic;Yes;50;73;67
Elvis sandwich;Hadestown;Peter Pan;No;88;75;74
Strawberry chicken;Exit;Hercules;Yes;59;69;62
Strawberry chicken;Exit;Peter Pan;Yes;32;38;34
Elvis sandwich;Hamilton;Captain Marvel;Yes;36;27;29
Strawberry chicken;Hamilton;Peter Pan;No;63;79;78
Elvis sandwich;Hadestown;Hercules;No;67;63;54
Strawberry chicken;Hadestown;Peter Pan;No;65;82;78
Elvis sandwich;Hadestown;Sonic;Yes;85;89;84
Strawberry chicken;Dr. Horrible;Sonic;Yes;73;74;78
Strawberry chicken;Galavant;Captain Marvel;No;34;41;48
Strawberry chicken;Hadestown;Kirby;No;93;100;100
Strawberry chicken;Hadestown;Peter Pan;Yes;67;84;84
Elvis sandwich;Hadestown;Julie D'Aubigny;Yes;88;77;77
Elvis sandwich;Hamilton;Captain Marvel;Yes;57;51;48
Strawberry chicken;Hadestown;Julie D'Aubigny;No;79;91;84
Strawberry chicken;Dr. Horrible;Kirby;Yes;67;72;75
Elvis sandwich;Exit;Kirby;No;70;70;64
Elvis sandwich;Hadestown;Kirby;Yes;50;48;42
Strawberry chicken;Galavant;Julie D'Aubigny;Yes;69;82;84
Strawberry chicken;Dr. Horrible;Kirby;No;52;66;61
Strawberry chicken;Dr. Horrible;Kirby;No;47;66;62
Strawberry chicken;Hamilton;Hercules;Yes;46;55;61
Strawberry chicken;Exit;Julie D'Aubigny;Yes;68;66;70
Elvis sandwich;Exit;Kirby;No;100;100;100
Strawberry chicken;Dr. Horrible;Captain Marvel;Yes;44;52;61
Strawberry chicken;Dr. Horrible;Hercules;No;57;80;77
Elvis sandwich;Hamilton;Julie D'Aubigny;No;91;91;96
Elvis sandwich;Hadestown;Captain Marvel;Yes;69;67;70
Strawberry chicken;Dr. Horrible;Captain Marvel;Yes;35;46;53
Elvis sandwich;Hadestown;Captain Marvel;Yes;72;66;66
Strawberry chicken;Hamilton;Hercules;Yes;54;65;65
Elvis sandwich;Hadestown;Captain Marvel;Yes;74;69;70
Elvis sandwich;Exit;Peter Pan;No;74;60;64
Elvis sandwich;Exit;Hercules;Yes;64;52;56
Strawberry chicken;Hadestown;Captain Marvel;No;65;71;61
Elvis sandwich;Exit;Hercules;No;46;44;43
Strawberry chicken;Dr. Horrible;Peter Pan;Yes;48;51;56
Elvis sandwich;Dr. Horrible;Julie D'Aubigny;No;67;70;74
Elvis sandwich;Hadestown;Julie D'Aubigny;Yes;62;62;57
Elvis sandwich;Hadestown;Hercules;No;61;73;71
Elvis sandwich;Dr. Horrible;Kirby;No;70;74;75
Elvis sandwich;Dr. Horrible;Hercules;No;98;90;87
Elvis sandwich;Hadestown;Julie D'Aubigny;Yes;70;58;63
Elvis sandwich;Galavant;Hercules;Yes;67;53;57
Strawberry chicken;Exit;Captain Marvel;Yes;57;57;58
Elvis sandwich;Hadestown;Julie D'Aubigny;No;85;85;81
Elvis sandwich;Hadestown;Peter Pan;No;77;69;68
Elvis sandwich;Dr. Horrible;Sonic;No;72;72;66
Strawberry chicken;Hadestown;Sonic;Yes;78;96;91
Elvis sandwich;Dr. Horrible;Captain Marvel;Yes;81;64;66
Elvis sandwich;Galavant;Peter Pan;No;61;61;62
Strawberry chicken;Hamilton;Captain Marvel;Yes;58;61;68
Strawberry chicken;Dr. Horrible;Hercules;Yes;54;58;61
Elvis sandwich;Hamilton;Captain Marvel;Yes;82;80;82
Strawberry chicken;Hadestown;Julie D'Aubigny;Yes;49;60;58
Elvis sandwich;Hamilton;Peter Pan;No;49;52;50
Strawberry chicken;Exit;Captain Marvel;No;57;73;75
Elvis sandwich;Exit;Captain Marvel;Yes;94;71;73
Strawberry chicken;Hadestown;Julie D'Aubigny;No;75;83;77
Strawberry chicken;Exit;Peter Pan;Yes;74;72;74
Elvis sandwich;Dr. Horrible;Captain Marvel;No;58;54;52
Strawberry chicken;Dr. Horrible;Julie D'Aubigny;Yes;62;69;69
Elvis sandwich;Exit;Hercules;Yes;72;62;57
Elvis sandwich;Dr. Horrible;Julie D'Aubigny;Yes;84;81;87
Strawberry chicken;Hadestown;Sonic;Yes;92;100;100
Strawberry chicken;Hadestown;Captain Marvel;Yes;45;59;63
Elvis sandwich;Dr. Horrible;Captain Marvel;Yes;75;71;81
Strawberry chicken;Galavant;Julie D'Aubigny;Yes;56;64;58
Strawberry chicken;Hadestown;Peter Pan;Yes;48;53;54
Strawberry chicken;Exit;Hercules;Yes;100;100;100
Strawberry chicken;Dr. Horrible;Peter Pan;No;65;75;76
Elvis sandwich;Hadestown;Julie D'Aubigny;Yes;72;58;57
Strawberry chicken;Hadestown;Julie D'Aubigny;Yes;62;72;70
Elvis sandwich;Galavant;Peter Pan;No;66;64;68
Elvis sandwich;Dr. Horrible;Julie D'Aubigny;Yes;63;60;63
Strawberry chicken;Exit;Hercules;Yes;68;67;76
Strawberry chicken;Hamilton;Kirby;Yes;75;80;84
Strawberry chicken;Hadestown;Kirby;Yes;89;100;100
Elvis sandwich;Dr. Horrible;Peter Pan;No;78;69;72
Strawberry chicken;Galavant;Captain Marvel;No;53;60;50
Strawberry chicken;Hadestown;Julie D'Aubigny;Yes;49;61;65
Strawberry chicken;Galavant;Julie D'Aubigny;Yes;54;67;63
Strawberry chicken;Dr. Horrible;Julie D'Aubigny;No;64;77;82
Elvis sandwich;Hamilton;Julie D'Aubigny;No;60;60;62
Elvis sandwich;Dr. Horrible;Hercules;Yes;62;58;65
Elvis sandwich;Hadestown;Captain Marvel;No;55;48;41
Strawberry chicken;Dr. Horrible;Hercules;Yes;91;94;95
Strawberry chicken;Hamilton;Captain Marvel;Yes;8;23;24
Elvis sandwich;Hadestown;Peter Pan;Yes;81;78;78
Elvis sandwich;Hamilton;Peter Pan;No;79;86;85
Strawberry chicken;Galavant;Julie D'Aubigny;No;78;91;87
Strawberry chicken;Dr. Horrible;Peter Pan;Yes;74;82;75
Elvis sandwich;Galavant;Captain Marvel;Yes;57;54;51
Strawberry chicken;Dr. Horrible;Hercules;Yes;40;51;59
Elvis sandwich;Exit;Peter Pan;No;81;76;75
Strawberry chicken;Galavant;Peter Pan;Yes;44;45;45
Strawberry chicken;Hadestown;Julie D'Aubigny;No;67;83;86
Elvis sandwich;Exit;Captain Marvel;No;86;75;81
Strawberry chicken;Hamilton;Peter Pan;No;65;78;82
Strawberry chicken;Hadestown;Hercules;Yes;55;76;76
Strawberry chicken;Hadestown;Kirby;Yes;62;74;72
Elvis sandwich;Galavant;Captain Marvel;Yes;63;62;63
Strawberry chicken;Exit;Sonic;No;88;95;99
Elvis sandwich;Dr. Horrible;Captain Marvel;Yes;62;55;55
Strawberry chicken;Dr. Horrible;Captain Marvel;No;59;65;71
Strawberry chicken;Hadestown;Julie D'Aubigny;No;68;77;78
Strawberry chicken;Hadestown;Julie D'Aubigny;Yes;77;86;86
